{
    "youtube.com": {
        "scan_time": 1615350609.6573708,
        "ipv4_addresses": [
            "172.217.9.46"
        ],
        "ipv6_addresses": [
            "2607:f8b0:4009:815::200e"
        ],
        "insecure_http": true,
        "redirect_to_https": true
    },
    "en.wikipedia.org": {
        "scan_time": 1615350614.751106,
        "ipv4_addresses": [
            "208.80.153.224"
        ],
        "ipv6_addresses": [
            "2620:0:860:ed1a::1"
        ],
        "insecure_http": true,
        "redirect_to_https": true
    },
    "twitter.com": {
        "scan_time": 1615350615.5681028,
        "ipv4_addresses": [
            "104.244.42.193",
            "104.244.42.65"
        ],
        "ipv6_addresses": [],
        "insecure_http": true,
        "redirect_to_https": true
    },
    "facebook.com": {
        "scan_time": 1615350616.729671,
        "ipv4_addresses": [
            "157.240.18.35"
        ],
        "ipv6_addresses": [
            "2a03:2880:f127:283:face:b00c:0:25de"
        ],
        "insecure_http": true,
        "redirect_to_https": true
    },
    "amazon.com": {
        "scan_time": 1615350618.6948469,
        "ipv4_addresses": [
            "205.251.242.103",
            "54.239.28.85",
            "176.32.103.205"
        ],
        "ipv6_addresses": [],
        "insecure_http": true,
        "redirect_to_https": true
    },
    "yelp.com": {
        "scan_time": 1615350619.9693599,
        "ipv4_addresses": [
            "151.101.68.116"
        ],
        "ipv6_addresses": [],
        "insecure_http": true,
        "redirect_to_https": true
    },
    "reddit.com": {
        "scan_time": 1615350625.6963542,
        "ipv4_addresses": [
            "151.101.1.140",
            "151.101.193.140",
            "151.101.129.140",
            "151.101.65.140"
        ],
        "ipv6_addresses": [],
        "insecure_http": true,
        "redirect_to_https": true
    },
    "imdb.com": {
        "scan_time": 1615350631.430746,
        "ipv4_addresses": [
            "52.94.225.248",
            "52.94.228.167",
            "52.94.237.74"
        ],
        "ipv6_addresses": [],
        "insecure_http": true,
        "redirect_to_https": true
    },
    "fandom.com": {
        "scan_time": 1615350635.994335,
        "ipv4_addresses": [
            "151.101.128.194",
            "151.101.64.194",
            "151.101.0.194",
            "151.101.192.194"
        ],
        "ipv6_addresses": [],
        "insecure_http": true,
        "redirect_to_https": true
    },
    "pinterest.com": {
        "scan_time": 1615350636.6586182,
        "ipv4_addresses": [
            "151.101.128.84",
            "151.101.192.84",
            "151.101.0.84",
            "151.101.64.84"
        ],
        "ipv6_addresses": [],
        "insecure_http": false,
        "redirect_to_https": true
    },
    "tripadvisor.com": {
        "scan_time": 1615350637.7135758,
        "ipv4_addresses": [
            "192.229.162.112",
            "192.229.189.15",
            "192.229.182.112"
        ],
        "ipv6_addresses": [],
        "insecure_http": true,
        "redirect_to_https": true
    },
    "instagram.com": {
        "scan_time": 1615350641.8595269,
        "ipv4_addresses": [
            "52.1.238.189",
            "107.21.197.61",
            "3.214.222.87",
            "18.205.134.237",
            "3.219.90.152",
            "54.147.115.251",
            "52.2.14.71",
            "34.206.159.43"
        ],
        "ipv6_addresses": [
            "2406:da00:ff00::22c4:36d2",
            "2406:da00:ff00::36eb:b3c4",
            "2406:da00:ff00::3448:4dc2",
            "2406:da00:ff00::3652:7ad5",
            "2406:da00:ff00::34c8:c9b9",
            "2406:da00:ff00::352:a470",
            "2406:da00:ff00::3d1:d08f",
            "2406:da00:ff00::3d1:3e8"
        ],
        "insecure_http": true,
        "redirect_to_https": true
    },
    "walmart.com": {
        "scan_time": 1615350643.289119,
        "ipv4_addresses": [
            "161.170.230.170",
            "161.170.232.170"
        ],
        "ipv6_addresses": [],
        "insecure_http": true,
        "redirect_to_https": true
    },
    "northwestern.edu": {
        "scan_time": 1615350644.626718,
        "ipv4_addresses": [
            "129.105.136.48"
        ],
        "ipv6_addresses": [],
        "insecure_http": true,
        "redirect_to_https": true
    },
    "mccormick.northwestern.edu": {
        "scan_time": 1615350645.7414348,
        "ipv4_addresses": [
            "129.105.1.129"
        ],
        "ipv6_addresses": [],
        "insecure_http": true,
        "redirect_to_https": true
    },
    "kellogg.northwestern.edu": {
        "scan_time": 1615350646.467206,
        "ipv4_addresses": [
            "165.124.147.150"
        ],
        "ipv6_addresses": [],
        "insecure_http": true,
        "redirect_to_https": true
    },
    "users.cs.northwestern.edu": {
        "scan_time": 1615350647.548,
        "ipv4_addresses": [
            "165.124.180.20"
        ],
        "ipv6_addresses": [],
        "insecure_http": true,
        "redirect_to_https": true
    },
    "it.eecs.northwestern.edu": {
        "scan_time": 1615350648.1867242,
        "ipv4_addresses": [
            "129.105.8.2"
        ],
        "ipv6_addresses": [],
        "insecure_http": true,
        "redirect_to_https": false
    },
    "uchicago.edu": {
        "scan_time": 1615350648.6039062,
        "ipv4_addresses": [
            "34.200.129.209"
        ],
        "ipv6_addresses": [],
        "insecure_http": true,
        "redirect_to_https": true
    },
    "illinois.edu": {
        "scan_time": 1615350650.4337978,
        "ipv4_addresses": [
            "192.17.172.3"
        ],
        "ipv6_addresses": [],
        "insecure_http": true,
        "redirect_to_https": true
    },
    "stevetarzia.com": {
        "scan_time": 1615350651.2578502,
        "ipv4_addresses": [
            "54.245.121.172"
        ],
        "ipv6_addresses": [],
        "insecure_http": true,
        "redirect_to_https": true
    },
    "clocktab.com": {
        "scan_time": 1615350652.629924,
        "ipv4_addresses": [
            "172.67.220.24",
            "104.21.35.119"
        ],
        "ipv6_addresses": [
            "2606:4700:3030::6815:2377",
            "2606:4700:3036::ac43:dc18"
        ],
        "insecure_http": true,
        "redirect_to_https": true
    },
    "auditoryneuroscience.com": {
        "scan_time": 1615350653.324268,
        "ipv4_addresses": [
            "144.214.26.111"
        ],
        "ipv6_addresses": [],
        "insecure_http": true,
        "redirect_to_https": false
    },
    "asee.org": {
        "scan_time": 1615350655.543772,
        "ipv4_addresses": [
            "216.185.13.131"
        ],
        "ipv6_addresses": [],
        "insecure_http": true,
        "redirect_to_https": false
    },
    "gradeinflation.com": {
        "scan_time": 1615350660.276881,
        "ipv4_addresses": [
            "66.70.176.24"
        ],
        "ipv6_addresses": [],
        "insecure_http": true,
        "redirect_to_https": false
    },
    "spacejam.com": {
        "scan_time": 1615350661.092225,
        "ipv4_addresses": [
            "75.2.104.223",
            "99.83.180.228"
        ],
        "ipv6_addresses": [],
        "insecure_http": true,
        "redirect_to_https": true
    },
    "pmichaud.com": {
        "scan_time": 1615350662.0264142,
        "ipv4_addresses": [
            "23.254.203.248"
        ],
        "ipv6_addresses": [],
        "insecure_http": true,
        "redirect_to_https": false
    },
    "kli.org": {
        "scan_time": 1615350663.236182,
        "ipv4_addresses": [
            "104.21.22.57",
            "172.67.202.249"
        ],
        "ipv6_addresses": [
            "2606:4700:3033::ac43:caf9",
            "2606:4700:3032::6815:1639"
        ],
        "insecure_http": true,